Field,Question
ROE Ratio,What is the Return on Equity (ROE) ratio?
ROA Ratio,What is the Return on Assets (ROA) Ratio?
Efficiency Ratio,What is the Efficiency Ratio?
Tier 1 Capital Ratio,What is the Tier 1 Capital Ratio?
Liquidity Coverage Ratio,What is the Liquidity Coverage Ratio?
Dividend Payout Ratio,What is the Liquidity Coverage Ratio?
Debt to Equity Ratio,What is the Debt to Equity Ratio?
Debt to Assets Ratio,What is the Debt to Assets Ratio?
Net Interest Income,What is the Net Interest Income?
Non Interest Income,What is the Non Interest Income?
Total Revenue,What is the Total Revenue?
Net Income,What is the Net Income?
Assets,What is the Total Assets?
Loans,What is the Total Loans?
Deposits,What is the Total Deposits?
Total Equity,What is the Total Equity?
Total Liabilities,What is the Total Liabilities?